"title","price","link"
"Sujetador clasico supersoft","20,99 ˆ","https://womensecret.com/es/es/sujetadores/clasico/sujetador-clasico-supersoft/4027361.html?dwvar_4027361_color=34"
"Sujetador clasico supersoft","20,99 ˆ","https://womensecret.com/es/es/sujetadores/clasico/sujetador-clasico-supersoft/4027388.html?dwvar_4027388_color=70"
"Sujetador triangular supersoft","20,99 ˆ","https://womensecret.com/es/es/sujetadores/triangular/sujetador-triangular-supersoft/4027396.html?dwvar_4027396_color=72"
"Sujetador triangular supersoft","20,99 ˆ","https://womensecret.com/es/es/sujetadores/triangular/sujetador-triangular-supersoft/4027418.html?dwvar_4027418_color=70"
"Sujetador push up supersoft","20,99 ˆ","https://womensecret.com/es/es/sujetadores/push-up/sujetador-push-up-supersoft/4027426.html?dwvar_4027426_color=34"
"Sujetador push up supersoft","20,99 ˆ","https://womensecret.com/es/es/sujetadores/push-up/sujetador-push-up-supersoft/4027434.html?dwvar_4027434_color=72"
"Top textura y encaje","6,99 ˆ","https://womensecret.com/es/es/sujetadores/top-textura-y-encaje/4347552.html?dwvar_4347552_color=12"
"Top textura y encaje","6,99 ˆ","https://womensecret.com/es/es/sujetadores/top-textura-y-encaje/4347579.html?dwvar_4347579_color=22"
"Top textura y encaje","6,99 ˆ","https://womensecret.com/es/es/sujetadores/top-textura-y-encaje/4347560.html?dwvar_4347560_color=46"
"Sujetador push up textura","13,99 ˆ","https://womensecret.com/es/es/sujetadores/push-up/sujetador-push-up-textura/4347595.html?dwvar_4347595_color=12"
"Sujetador clasico  rayas","10,99 ˆ","https://womensecret.com/es/es/sujetadores/clasico/sujetador-clasico--rayas/4347625.html?dwvar_4347625_color=15"
"Sujetador push up flores","13,99 ˆ","https://womensecret.com/es/es/sujetadores/push-up/sujetador-push-up-flores/4347641.html?dwvar_4347641_color=25"
"Sujetador push up algodon","15,99 ˆ","https://womensecret.com/es/es/sujetadores/push-up/sujetador-push-up-algodon/4347676.html?dwvar_4347676_color=22"
"Sujetador push up rayas","13,99 ˆ","https://womensecret.com/es/es/sujetadores/push-up/sujetador-push-up-rayas/4347730.html?dwvar_4347730_color=42"
"Sujetador clasico flores","10,99 ˆ","https://womensecret.com/es/es/sujetadores/clasico/sujetador-clasico-flores/4347765.html?dwvar_4347765_color=97"
"Sujetador triangular rayas","13,99 ˆ","https://womensecret.com/es/es/sujetadores/triangular/sujetador-triangular-rayas/4347749.html?dwvar_4347749_color=42"
"Sujetador triangular halter","12,99 ˆ","https://womensecret.com/es/es/sujetadores/triangular/sujetador-triangular-halter/4347617.html?dwvar_4347617_color=17"
"Sujetador triangular halter","12,99 ˆ","https://womensecret.com/es/es/sujetadores/triangular/sujetador-triangular-halter/4347684.html?dwvar_4347684_color=46"
"Sujetador triangular relleno","9,99 ˆ","https://womensecret.com/es/es/sujetadores/triangular/sujetador-triangular-relleno/4347706.html?dwvar_4347706_color=46"
"Sujetador clasico melange","7,99 ˆ","https://womensecret.com/es/es/sujetadores/clasico/sujetador-clasico-melange/4347714.html?dwvar_4347714_color=46"
"Top detalle encaje","11,99 ˆ","https://womensecret.com/es/es/sujetadores/tops/top-detalle-encaje/4347234.html?dwvar_4347234_color=07"
"Top rayas y encaje","11,99 ˆ","https://womensecret.com/es/es/sujetadores/tops/top-rayas-y-encaje/4347242.html?dwvar_4347242_color=76"
"Sujetador clasico flores","12,99 ˆ","https://womensecret.com/es/es/sujetadores/clasico/sujetador-clasico-flores/4347137.html?dwvar_4347137_color=97"
"Sujetador triangular halter","12,99 ˆ","https://womensecret.com/es/es/sujetadores/triangular/sujetador-triangular-halter/4347099.html?dwvar_4347099_color=03"
"Sujetador push up detalle encaje","15,99 ˆ","https://womensecret.com/es/es/sujetadores/push-up/sujetador-push-up-detalle-encaje/4347129.html?dwvar_4347129_color=03"
"Sujetador triangular sin aro","15,99 ˆ","https://womensecret.com/es/es/sujetadores/triangular/sujetador-triangular-sin-aro/4347072.html?dwvar_4347072_color=76"
"Sujetador push up flores","15,99 ˆ","https://womensecret.com/es/es/sujetadores/push-up/sujetador-push-up-flores/4347161.html?dwvar_4347161_color=96"
"Sujetador clasico detalle encaje","15,99 ˆ","https://womensecret.com/es/es/sujetadores/clasico/sujetador-clasico-detalle-encaje/4347080.html?dwvar_4347080_color=75"
"Sujetador triangular detalle encaje","15,99 ˆ","https://womensecret.com/es/es/sujetadores/triangular/sujetador-triangular-detalle-encaje/4347102.html?dwvar_4347102_color=03"
"Top algodon","11,99 ˆ","https://womensecret.com/es/es/sujetadores/tops/top-algodon/4347226.html?dwvar_4347226_color=03"
"Sujetador clasico supersoft","20,99 ˆ","https://womensecret.com/es/es/sujetadores/clasico/sujetador-clasico-supersoft/4027361.html?dwvar_4027361_color=34"
"Sujetador clasico supersoft","20,99 ˆ","https://womensecret.com/es/es/sujetadores/clasico/sujetador-clasico-supersoft/4027388.html?dwvar_4027388_color=70"
"Sujetador triangular supersoft","20,99 ˆ","https://womensecret.com/es/es/sujetadores/triangular/sujetador-triangular-supersoft/4027396.html?dwvar_4027396_color=72"
"Sujetador triangular supersoft","20,99 ˆ","https://womensecret.com/es/es/sujetadores/triangular/sujetador-triangular-supersoft/4027418.html?dwvar_4027418_color=70"
"Sujetador push up supersoft","20,99 ˆ","https://womensecret.com/es/es/sujetadores/push-up/sujetador-push-up-supersoft/4027426.html?dwvar_4027426_color=34"
"Sujetador push up supersoft","20,99 ˆ","https://womensecret.com/es/es/sujetadores/push-up/sujetador-push-up-supersoft/4027434.html?dwvar_4027434_color=72"
"Top textura y encaje","6,99 ˆ","https://womensecret.com/es/es/sujetadores/top-textura-y-encaje/4347552.html?dwvar_4347552_color=12"
"Top textura y encaje","6,99 ˆ","https://womensecret.com/es/es/sujetadores/top-textura-y-encaje/4347579.html?dwvar_4347579_color=22"
"Top textura y encaje","6,99 ˆ","https://womensecret.com/es/es/sujetadores/top-textura-y-encaje/4347560.html?dwvar_4347560_color=46"
"Sujetador push up textura","13,99 ˆ","https://womensecret.com/es/es/sujetadores/push-up/sujetador-push-up-textura/4347595.html?dwvar_4347595_color=12"
"Sujetador clasico  rayas","10,99 ˆ","https://womensecret.com/es/es/sujetadores/clasico/sujetador-clasico--rayas/4347625.html?dwvar_4347625_color=15"
"Sujetador push up flores","13,99 ˆ","https://womensecret.com/es/es/sujetadores/push-up/sujetador-push-up-flores/4347641.html?dwvar_4347641_color=25"
"Sujetador push up algodon","15,99 ˆ","https://womensecret.com/es/es/sujetadores/push-up/sujetador-push-up-algodon/4347676.html?dwvar_4347676_color=22"
"Sujetador push up rayas","13,99 ˆ","https://womensecret.com/es/es/sujetadores/push-up/sujetador-push-up-rayas/4347730.html?dwvar_4347730_color=42"
"Sujetador clasico flores","10,99 ˆ","https://womensecret.com/es/es/sujetadores/clasico/sujetador-clasico-flores/4347765.html?dwvar_4347765_color=97"
"Sujetador triangular rayas","13,99 ˆ","https://womensecret.com/es/es/sujetadores/triangular/sujetador-triangular-rayas/4347749.html?dwvar_4347749_color=42"
"Sujetador triangular halter","12,99 ˆ","https://womensecret.com/es/es/sujetadores/triangular/sujetador-triangular-halter/4347617.html?dwvar_4347617_color=17"
"Sujetador triangular halter","12,99 ˆ","https://womensecret.com/es/es/sujetadores/triangular/sujetador-triangular-halter/4347684.html?dwvar_4347684_color=46"
"Sujetador triangular relleno","9,99 ˆ","https://womensecret.com/es/es/sujetadores/triangular/sujetador-triangular-relleno/4347706.html?dwvar_4347706_color=46"
"Sujetador clasico melange","7,99 ˆ","https://womensecret.com/es/es/sujetadores/clasico/sujetador-clasico-melange/4347714.html?dwvar_4347714_color=46"
"Top detalle encaje","11,99 ˆ","https://womensecret.com/es/es/sujetadores/tops/top-detalle-encaje/4347234.html?dwvar_4347234_color=07"
"Top rayas y encaje","11,99 ˆ","https://womensecret.com/es/es/sujetadores/tops/top-rayas-y-encaje/4347242.html?dwvar_4347242_color=76"
"Sujetador clasico flores","12,99 ˆ","https://womensecret.com/es/es/sujetadores/clasico/sujetador-clasico-flores/4347137.html?dwvar_4347137_color=97"
"Sujetador triangular halter","12,99 ˆ","https://womensecret.com/es/es/sujetadores/triangular/sujetador-triangular-halter/4347099.html?dwvar_4347099_color=03"
"Sujetador push up detalle encaje","15,99 ˆ","https://womensecret.com/es/es/sujetadores/push-up/sujetador-push-up-detalle-encaje/4347129.html?dwvar_4347129_color=03"
"Sujetador triangular sin aro","15,99 ˆ","https://womensecret.com/es/es/sujetadores/triangular/sujetador-triangular-sin-aro/4347072.html?dwvar_4347072_color=76"
"Sujetador push up flores","15,99 ˆ","https://womensecret.com/es/es/sujetadores/push-up/sujetador-push-up-flores/4347161.html?dwvar_4347161_color=96"
"Sujetador clasico detalle encaje","15,99 ˆ","https://womensecret.com/es/es/sujetadores/clasico/sujetador-clasico-detalle-encaje/4347080.html?dwvar_4347080_color=75"
"Sujetador triangular detalle encaje","15,99 ˆ","https://womensecret.com/es/es/sujetadores/triangular/sujetador-triangular-detalle-encaje/4347102.html?dwvar_4347102_color=03"
"Top algodon","11,99 ˆ","https://womensecret.com/es/es/sujetadores/tops/top-algodon/4347226.html?dwvar_4347226_color=03"
"Sujetador clasico supersoft","20,99 ˆ","https://womensecret.com/es/es/sujetadores/clasico/sujetador-clasico-supersoft/4027361.html?dwvar_4027361_color=34"
"Sujetador clasico supersoft","20,99 ˆ","https://womensecret.com/es/es/sujetadores/clasico/sujetador-clasico-supersoft/4027388.html?dwvar_4027388_color=70"
"Sujetador triangular supersoft","20,99 ˆ","https://womensecret.com/es/es/sujetadores/triangular/sujetador-triangular-supersoft/4027396.html?dwvar_4027396_color=72"
"Sujetador triangular supersoft","20,99 ˆ","https://womensecret.com/es/es/sujetadores/triangular/sujetador-triangular-supersoft/4027418.html?dwvar_4027418_color=70"
"Sujetador push up supersoft","20,99 ˆ","https://womensecret.com/es/es/sujetadores/push-up/sujetador-push-up-supersoft/4027426.html?dwvar_4027426_color=34"
"Sujetador push up supersoft","20,99 ˆ","https://womensecret.com/es/es/sujetadores/push-up/sujetador-push-up-supersoft/4027434.html?dwvar_4027434_color=72"
"Top textura y encaje","6,99 ˆ","https://womensecret.com/es/es/sujetadores/top-textura-y-encaje/4347552.html?dwvar_4347552_color=12"
"Top textura y encaje","6,99 ˆ","https://womensecret.com/es/es/sujetadores/top-textura-y-encaje/4347579.html?dwvar_4347579_color=22"
"Top textura y encaje","6,99 ˆ","https://womensecret.com/es/es/sujetadores/top-textura-y-encaje/4347560.html?dwvar_4347560_color=46"
"Sujetador push up textura","13,99 ˆ","https://womensecret.com/es/es/sujetadores/push-up/sujetador-push-up-textura/4347595.html?dwvar_4347595_color=12"
"Sujetador clasico  rayas","10,99 ˆ","https://womensecret.com/es/es/sujetadores/clasico/sujetador-clasico--rayas/4347625.html?dwvar_4347625_color=15"
"Sujetador push up flores","13,99 ˆ","https://womensecret.com/es/es/sujetadores/push-up/sujetador-push-up-flores/4347641.html?dwvar_4347641_color=25"
"Sujetador push up algodon","15,99 ˆ","https://womensecret.com/es/es/sujetadores/push-up/sujetador-push-up-algodon/4347676.html?dwvar_4347676_color=22"
"Sujetador push up rayas","13,99 ˆ","https://womensecret.com/es/es/sujetadores/push-up/sujetador-push-up-rayas/4347730.html?dwvar_4347730_color=42"
"Sujetador clasico flores","10,99 ˆ","https://womensecret.com/es/es/sujetadores/clasico/sujetador-clasico-flores/4347765.html?dwvar_4347765_color=97"
"Sujetador triangular rayas","13,99 ˆ","https://womensecret.com/es/es/sujetadores/triangular/sujetador-triangular-rayas/4347749.html?dwvar_4347749_color=42"
"Sujetador triangular halter","12,99 ˆ","https://womensecret.com/es/es/sujetadores/triangular/sujetador-triangular-halter/4347617.html?dwvar_4347617_color=17"
"Sujetador triangular halter","12,99 ˆ","https://womensecret.com/es/es/sujetadores/triangular/sujetador-triangular-halter/4347684.html?dwvar_4347684_color=46"
"Sujetador triangular relleno","9,99 ˆ","https://womensecret.com/es/es/sujetadores/triangular/sujetador-triangular-relleno/4347706.html?dwvar_4347706_color=46"
"Sujetador clasico melange","7,99 ˆ","https://womensecret.com/es/es/sujetadores/clasico/sujetador-clasico-melange/4347714.html?dwvar_4347714_color=46"
"Top detalle encaje","11,99 ˆ","https://womensecret.com/es/es/sujetadores/tops/top-detalle-encaje/4347234.html?dwvar_4347234_color=07"
"Top rayas y encaje","11,99 ˆ","https://womensecret.com/es/es/sujetadores/tops/top-rayas-y-encaje/4347242.html?dwvar_4347242_color=76"
"Sujetador clasico flores","12,99 ˆ","https://womensecret.com/es/es/sujetadores/clasico/sujetador-clasico-flores/4347137.html?dwvar_4347137_color=97"
"Sujetador triangular halter","12,99 ˆ","https://womensecret.com/es/es/sujetadores/triangular/sujetador-triangular-halter/4347099.html?dwvar_4347099_color=03"
"Sujetador push up detalle encaje","15,99 ˆ","https://womensecret.com/es/es/sujetadores/push-up/sujetador-push-up-detalle-encaje/4347129.html?dwvar_4347129_color=03"
"Sujetador triangular sin aro","15,99 ˆ","https://womensecret.com/es/es/sujetadores/triangular/sujetador-triangular-sin-aro/4347072.html?dwvar_4347072_color=76"
"Sujetador push up flores","15,99 ˆ","https://womensecret.com/es/es/sujetadores/push-up/sujetador-push-up-flores/4347161.html?dwvar_4347161_color=96"
"Sujetador clasico detalle encaje","15,99 ˆ","https://womensecret.com/es/es/sujetadores/clasico/sujetador-clasico-detalle-encaje/4347080.html?dwvar_4347080_color=75"
"Sujetador triangular detalle encaje","15,99 ˆ","https://womensecret.com/es/es/sujetadores/triangular/sujetador-triangular-detalle-encaje/4347102.html?dwvar_4347102_color=03"
"Top algodon","11,99 ˆ","https://womensecret.com/es/es/sujetadores/tops/top-algodon/4347226.html?dwvar_4347226_color=03"
"Sujetador clasico supersoft","20,99 ˆ","https://womensecret.com/es/es/sujetadores/clasico/sujetador-clasico-supersoft/4027361.html?dwvar_4027361_color=34"
"Sujetador clasico supersoft","20,99 ˆ","https://womensecret.com/es/es/sujetadores/clasico/sujetador-clasico-supersoft/4027388.html?dwvar_4027388_color=70"
"Sujetador triangular supersoft","20,99 ˆ","https://womensecret.com/es/es/sujetadores/triangular/sujetador-triangular-supersoft/4027396.html?dwvar_4027396_color=72"
"Sujetador triangular supersoft","20,99 ˆ","https://womensecret.com/es/es/sujetadores/triangular/sujetador-triangular-supersoft/4027418.html?dwvar_4027418_color=70"
"Sujetador push up supersoft","20,99 ˆ","https://womensecret.com/es/es/sujetadores/push-up/sujetador-push-up-supersoft/4027426.html?dwvar_4027426_color=34"
"Sujetador push up supersoft","20,99 ˆ","https://womensecret.com/es/es/sujetadores/push-up/sujetador-push-up-supersoft/4027434.html?dwvar_4027434_color=72"
"Top textura y encaje","6,99 ˆ","https://womensecret.com/es/es/sujetadores/top-textura-y-encaje/4347552.html?dwvar_4347552_color=12"
"Top textura y encaje","6,99 ˆ","https://womensecret.com/es/es/sujetadores/top-textura-y-encaje/4347579.html?dwvar_4347579_color=22"
"Top textura y encaje","6,99 ˆ","https://womensecret.com/es/es/sujetadores/top-textura-y-encaje/4347560.html?dwvar_4347560_color=46"
"Sujetador push up textura","13,99 ˆ","https://womensecret.com/es/es/sujetadores/push-up/sujetador-push-up-textura/4347595.html?dwvar_4347595_color=12"
"Sujetador clasico  rayas","10,99 ˆ","https://womensecret.com/es/es/sujetadores/clasico/sujetador-clasico--rayas/4347625.html?dwvar_4347625_color=15"
"Sujetador push up flores","13,99 ˆ","https://womensecret.com/es/es/sujetadores/push-up/sujetador-push-up-flores/4347641.html?dwvar_4347641_color=25"
"Sujetador push up algodon","15,99 ˆ","https://womensecret.com/es/es/sujetadores/push-up/sujetador-push-up-algodon/4347676.html?dwvar_4347676_color=22"
"Sujetador push up rayas","13,99 ˆ","https://womensecret.com/es/es/sujetadores/push-up/sujetador-push-up-rayas/4347730.html?dwvar_4347730_color=42"
"Sujetador clasico flores","10,99 ˆ","https://womensecret.com/es/es/sujetadores/clasico/sujetador-clasico-flores/4347765.html?dwvar_4347765_color=97"
"Sujetador triangular rayas","13,99 ˆ","https://womensecret.com/es/es/sujetadores/triangular/sujetador-triangular-rayas/4347749.html?dwvar_4347749_color=42"
"Sujetador triangular halter","12,99 ˆ","https://womensecret.com/es/es/sujetadores/triangular/sujetador-triangular-halter/4347617.html?dwvar_4347617_color=17"
"Sujetador triangular halter","12,99 ˆ","https://womensecret.com/es/es/sujetadores/triangular/sujetador-triangular-halter/4347684.html?dwvar_4347684_color=46"
"Sujetador triangular relleno","9,99 ˆ","https://womensecret.com/es/es/sujetadores/triangular/sujetador-triangular-relleno/4347706.html?dwvar_4347706_color=46"
"Sujetador clasico melange","7,99 ˆ","https://womensecret.com/es/es/sujetadores/clasico/sujetador-clasico-melange/4347714.html?dwvar_4347714_color=46"
"Top detalle encaje","11,99 ˆ","https://womensecret.com/es/es/sujetadores/tops/top-detalle-encaje/4347234.html?dwvar_4347234_color=07"
"Top rayas y encaje","11,99 ˆ","https://womensecret.com/es/es/sujetadores/tops/top-rayas-y-encaje/4347242.html?dwvar_4347242_color=76"
"Sujetador clasico flores","12,99 ˆ","https://womensecret.com/es/es/sujetadores/clasico/sujetador-clasico-flores/4347137.html?dwvar_4347137_color=97"
"Sujetador triangular halter","12,99 ˆ","https://womensecret.com/es/es/sujetadores/triangular/sujetador-triangular-halter/4347099.html?dwvar_4347099_color=03"
"Sujetador push up detalle encaje","15,99 ˆ","https://womensecret.com/es/es/sujetadores/push-up/sujetador-push-up-detalle-encaje/4347129.html?dwvar_4347129_color=03"
"Sujetador triangular sin aro","15,99 ˆ","https://womensecret.com/es/es/sujetadores/triangular/sujetador-triangular-sin-aro/4347072.html?dwvar_4347072_color=76"
"Sujetador push up flores","15,99 ˆ","https://womensecret.com/es/es/sujetadores/push-up/sujetador-push-up-flores/4347161.html?dwvar_4347161_color=96"
"Sujetador clasico detalle encaje","15,99 ˆ","https://womensecret.com/es/es/sujetadores/clasico/sujetador-clasico-detalle-encaje/4347080.html?dwvar_4347080_color=75"
"Sujetador triangular detalle encaje","15,99 ˆ","https://womensecret.com/es/es/sujetadores/triangular/sujetador-triangular-detalle-encaje/4347102.html?dwvar_4347102_color=03"
"Top algodon","11,99 ˆ","https://womensecret.com/es/es/sujetadores/tops/top-algodon/4347226.html?dwvar_4347226_color=03"
"Sujetador clasico supersoft","20,99 ˆ","https://womensecret.com/es/es/sujetadores/clasico/sujetador-clasico-supersoft/4027361.html?dwvar_4027361_color=34"
"Sujetador clasico supersoft","20,99 ˆ","https://womensecret.com/es/es/sujetadores/clasico/sujetador-clasico-supersoft/4027388.html?dwvar_4027388_color=70"
"Sujetador triangular supersoft","20,99 ˆ","https://womensecret.com/es/es/sujetadores/triangular/sujetador-triangular-supersoft/4027396.html?dwvar_4027396_color=72"
"Sujetador triangular supersoft","20,99 ˆ","https://womensecret.com/es/es/sujetadores/triangular/sujetador-triangular-supersoft/4027418.html?dwvar_4027418_color=70"
"Sujetador push up supersoft","20,99 ˆ","https://womensecret.com/es/es/sujetadores/push-up/sujetador-push-up-supersoft/4027426.html?dwvar_4027426_color=34"
"Sujetador push up supersoft","20,99 ˆ","https://womensecret.com/es/es/sujetadores/push-up/sujetador-push-up-supersoft/4027434.html?dwvar_4027434_color=72"
"Top textura y encaje","6,99 ˆ","https://womensecret.com/es/es/sujetadores/top-textura-y-encaje/4347552.html?dwvar_4347552_color=12"
"Top textura y encaje","6,99 ˆ","https://womensecret.com/es/es/sujetadores/top-textura-y-encaje/4347579.html?dwvar_4347579_color=22"
"Top textura y encaje","6,99 ˆ","https://womensecret.com/es/es/sujetadores/top-textura-y-encaje/4347560.html?dwvar_4347560_color=46"
"Sujetador push up textura","13,99 ˆ","https://womensecret.com/es/es/sujetadores/push-up/sujetador-push-up-textura/4347595.html?dwvar_4347595_color=12"
"Sujetador clasico  rayas","10,99 ˆ","https://womensecret.com/es/es/sujetadores/clasico/sujetador-clasico--rayas/4347625.html?dwvar_4347625_color=15"
"Sujetador push up flores","13,99 ˆ","https://womensecret.com/es/es/sujetadores/push-up/sujetador-push-up-flores/4347641.html?dwvar_4347641_color=25"
"Sujetador push up algodon","15,99 ˆ","https://womensecret.com/es/es/sujetadores/push-up/sujetador-push-up-algodon/4347676.html?dwvar_4347676_color=22"
"Sujetador push up rayas","13,99 ˆ","https://womensecret.com/es/es/sujetadores/push-up/sujetador-push-up-rayas/4347730.html?dwvar_4347730_color=42"
"Sujetador clasico flores","10,99 ˆ","https://womensecret.com/es/es/sujetadores/clasico/sujetador-clasico-flores/4347765.html?dwvar_4347765_color=97"
"Sujetador triangular rayas","13,99 ˆ","https://womensecret.com/es/es/sujetadores/triangular/sujetador-triangular-rayas/4347749.html?dwvar_4347749_color=42"
"Sujetador triangular halter","12,99 ˆ","https://womensecret.com/es/es/sujetadores/triangular/sujetador-triangular-halter/4347617.html?dwvar_4347617_color=17"
"Sujetador triangular halter","12,99 ˆ","https://womensecret.com/es/es/sujetadores/triangular/sujetador-triangular-halter/4347684.html?dwvar_4347684_color=46"
"Sujetador triangular relleno","9,99 ˆ","https://womensecret.com/es/es/sujetadores/triangular/sujetador-triangular-relleno/4347706.html?dwvar_4347706_color=46"
"Sujetador clasico melange","7,99 ˆ","https://womensecret.com/es/es/sujetadores/clasico/sujetador-clasico-melange/4347714.html?dwvar_4347714_color=46"
"Top detalle encaje","11,99 ˆ","https://womensecret.com/es/es/sujetadores/tops/top-detalle-encaje/4347234.html?dwvar_4347234_color=07"
"Top rayas y encaje","11,99 ˆ","https://womensecret.com/es/es/sujetadores/tops/top-rayas-y-encaje/4347242.html?dwvar_4347242_color=76"
"Sujetador clasico flores","12,99 ˆ","https://womensecret.com/es/es/sujetadores/clasico/sujetador-clasico-flores/4347137.html?dwvar_4347137_color=97"
"Sujetador triangular halter","12,99 ˆ","https://womensecret.com/es/es/sujetadores/triangular/sujetador-triangular-halter/4347099.html?dwvar_4347099_color=03"
"Sujetador push up detalle encaje","15,99 ˆ","https://womensecret.com/es/es/sujetadores/push-up/sujetador-push-up-detalle-encaje/4347129.html?dwvar_4347129_color=03"
"Sujetador triangular sin aro","15,99 ˆ","https://womensecret.com/es/es/sujetadores/triangular/sujetador-triangular-sin-aro/4347072.html?dwvar_4347072_color=76"
"Sujetador push up flores","15,99 ˆ","https://womensecret.com/es/es/sujetadores/push-up/sujetador-push-up-flores/4347161.html?dwvar_4347161_color=96"
"Sujetador clasico detalle encaje","15,99 ˆ","https://womensecret.com/es/es/sujetadores/clasico/sujetador-clasico-detalle-encaje/4347080.html?dwvar_4347080_color=75"
"Sujetador triangular detalle encaje","15,99 ˆ","https://womensecret.com/es/es/sujetadores/triangular/sujetador-triangular-detalle-encaje/4347102.html?dwvar_4347102_color=03"
"Top algodon","11,99 ˆ","https://womensecret.com/es/es/sujetadores/tops/top-algodon/4347226.html?dwvar_4347226_color=03"
"Sujetador clasico supersoft","20,99 ˆ","https://womensecret.com/es/es/sujetadores/clasico/sujetador-clasico-supersoft/4027361.html?dwvar_4027361_color=34"
"Sujetador clasico supersoft","20,99 ˆ","https://womensecret.com/es/es/sujetadores/clasico/sujetador-clasico-supersoft/4027388.html?dwvar_4027388_color=70"
"Sujetador triangular supersoft","20,99 ˆ","https://womensecret.com/es/es/sujetadores/triangular/sujetador-triangular-supersoft/4027396.html?dwvar_4027396_color=72"
"Sujetador triangular supersoft","20,99 ˆ","https://womensecret.com/es/es/sujetadores/triangular/sujetador-triangular-supersoft/4027418.html?dwvar_4027418_color=70"
"Sujetador push up supersoft","20,99 ˆ","https://womensecret.com/es/es/sujetadores/push-up/sujetador-push-up-supersoft/4027426.html?dwvar_4027426_color=34"
"Sujetador push up supersoft","20,99 ˆ","https://womensecret.com/es/es/sujetadores/push-up/sujetador-push-up-supersoft/4027434.html?dwvar_4027434_color=72"
"Top textura y encaje","6,99 ˆ","https://womensecret.com/es/es/sujetadores/top-textura-y-encaje/4347552.html?dwvar_4347552_color=12"
"Top textura y encaje","6,99 ˆ","https://womensecret.com/es/es/sujetadores/top-textura-y-encaje/4347579.html?dwvar_4347579_color=22"
"Top textura y encaje","6,99 ˆ","https://womensecret.com/es/es/sujetadores/top-textura-y-encaje/4347560.html?dwvar_4347560_color=46"
"Sujetador push up textura","13,99 ˆ","https://womensecret.com/es/es/sujetadores/push-up/sujetador-push-up-textura/4347595.html?dwvar_4347595_color=12"
"Sujetador clasico  rayas","10,99 ˆ","https://womensecret.com/es/es/sujetadores/clasico/sujetador-clasico--rayas/4347625.html?dwvar_4347625_color=15"
"Sujetador push up flores","13,99 ˆ","https://womensecret.com/es/es/sujetadores/push-up/sujetador-push-up-flores/4347641.html?dwvar_4347641_color=25"
"Sujetador push up algodon","15,99 ˆ","https://womensecret.com/es/es/sujetadores/push-up/sujetador-push-up-algodon/4347676.html?dwvar_4347676_color=22"
"Sujetador push up rayas","13,99 ˆ","https://womensecret.com/es/es/sujetadores/push-up/sujetador-push-up-rayas/4347730.html?dwvar_4347730_color=42"
"Sujetador clasico flores","10,99 ˆ","https://womensecret.com/es/es/sujetadores/clasico/sujetador-clasico-flores/4347765.html?dwvar_4347765_color=97"
"Sujetador triangular rayas","13,99 ˆ","https://womensecret.com/es/es/sujetadores/triangular/sujetador-triangular-rayas/4347749.html?dwvar_4347749_color=42"
"Sujetador triangular halter","12,99 ˆ","https://womensecret.com/es/es/sujetadores/triangular/sujetador-triangular-halter/4347617.html?dwvar_4347617_color=17"
"Sujetador triangular halter","12,99 ˆ","https://womensecret.com/es/es/sujetadores/triangular/sujetador-triangular-halter/4347684.html?dwvar_4347684_color=46"
"Sujetador triangular relleno","9,99 ˆ","https://womensecret.com/es/es/sujetadores/triangular/sujetador-triangular-relleno/4347706.html?dwvar_4347706_color=46"
"Sujetador clasico melange","7,99 ˆ","https://womensecret.com/es/es/sujetadores/clasico/sujetador-clasico-melange/4347714.html?dwvar_4347714_color=46"
"Top detalle encaje","11,99 ˆ","https://womensecret.com/es/es/sujetadores/tops/top-detalle-encaje/4347234.html?dwvar_4347234_color=07"
"Top rayas y encaje","11,99 ˆ","https://womensecret.com/es/es/sujetadores/tops/top-rayas-y-encaje/4347242.html?dwvar_4347242_color=76"
"Sujetador clasico flores","12,99 ˆ","https://womensecret.com/es/es/sujetadores/clasico/sujetador-clasico-flores/4347137.html?dwvar_4347137_color=97"
"Sujetador triangular halter","12,99 ˆ","https://womensecret.com/es/es/sujetadores/triangular/sujetador-triangular-halter/4347099.html?dwvar_4347099_color=03"
"Sujetador push up detalle encaje","15,99 ˆ","https://womensecret.com/es/es/sujetadores/push-up/sujetador-push-up-detalle-encaje/4347129.html?dwvar_4347129_color=03"
"Sujetador triangular sin aro","15,99 ˆ","https://womensecret.com/es/es/sujetadores/triangular/sujetador-triangular-sin-aro/4347072.html?dwvar_4347072_color=76"
"Sujetador push up flores","15,99 ˆ","https://womensecret.com/es/es/sujetadores/push-up/sujetador-push-up-flores/4347161.html?dwvar_4347161_color=96"
"Sujetador clasico detalle encaje","15,99 ˆ","https://womensecret.com/es/es/sujetadores/clasico/sujetador-clasico-detalle-encaje/4347080.html?dwvar_4347080_color=75"
"Sujetador triangular detalle encaje","15,99 ˆ","https://womensecret.com/es/es/sujetadores/triangular/sujetador-triangular-detalle-encaje/4347102.html?dwvar_4347102_color=03"
"Top algodon","11,99 ˆ","https://womensecret.com/es/es/sujetadores/tops/top-algodon/4347226.html?dwvar_4347226_color=03"
